species001	Plasmodium falciparum	Plasmodium falciparum
species002	C. guilliermondii	Candida guilliermondii
species002	Candida guilliermondii	Candida guilliermondii
species004	T. melanosporum	Tuber melanosporum
species004	Tuber melanosporum	Tuber melanosporum
species005	Aspergillus nidulans	Aspergillus nidulans
species006	Aspergillus nidulans	Aspergillus nidulans
species007	D. derouxi	Dysteria derouxi
species007	Dysteria legumen	Dysteria legumen
species007	Dysteria proraefrons	Dysteria proraefrons
species007	Mirodysteria decora	Mirodysteria decora
species008	Geleia simplex	Geleia simplex
species008	Geleia sinica	Geleia sinica
species008	K. flavus	Kentrophoros flavus
species008	K. gracilis	Kentrophoros gracilis
species008	Kentrophoros flavus	Kentrophoros flavus
species008	Kentrophoros gracilis	Kentrophoros gracilis
species008	Kentrophoros species	Kentrophoros species
species011	Neisseria gonorrhoeae	Neisseria gonorrhoeae
species011	Neisseria meningitidis	Neisseria meningitidis
species013	Aspergillus fumigatus	Aspergillus fumigatus
species013	Candida albicans	Candida albicans
species015	Picea abies	Picea abies
species016	Leuciscus leuciscus	Leuciscus leuciscus
species016	T. polycolpus	Tracheliastes polycolpus
species016	Tracheliastes polycolpus	Tracheliastes polycolpus
species018	Solanum lycopersicum	Solanum lycopersicum
species019	Dunaliella tertiolecta	Dunaliella tertiolecta
species020	Pelargonium x hortorum	Pelargonium ⨉hortorum
species022	Arabidopsis thaliana	Arabidopsis thaliana
species023	Lolium perenne	Lolium perenne
species024	Cotterillia bromelicola	Cotterillia bromelicola
species024	Tillandsia heterophylla	Tillandsia heterophylla
species025	S. litura	Spodoptera litura
species025	Spodoptera litura	Spodoptera litura
species026	Rana limnocharis	Rana limnocharis
species027	Oramoeba fumarolia	Oramoeba fumarolia
species027	Stachyamoeba sp.	Stachyamoeba sp.
species027	Vrihiamoeba italica	Vrihiamoeba italica
species028	C. albicans	Candida albicans
species028	Candida albicans	Candida albicans
species028	Saccharomyces cerevisiae	Saccharomyces cerevisiae
species033	Blastomyces dermatitidis	Blastomyces dermatitidis
species033	Chaetomium globosum	Chaetomium globosum
species034	C. neoformans	Cryptococcus neoformans
species034	Cryptococcus neoformans	Cryptococcus neoformans
species034	Saccharomyces cerevisiae	Saccharomyces cerevisiae
species034	Ustilago maydis	Ustilago maydis
species036	Bythotrephes longimanus	Bythotrephes longimanus
species036	Holopedium gibberum	Holopedium gibberum
species037	Quercus robur	Quercus robur
species040	Diabrotica virgifera	Diabrotica virgifera
species040	S. littoralis	Spodoptera littoralis
species040	Spodoptera littoralis	Spodoptera littoralis
species040	Zea mays	Zea mays
species041	A. nidulans	Aspergillus nidulans
species041	Aspergillus nidulans	Aspergillus nidulans
species041	N. crassa	Neurospora crassa
species041	Neurospora crassa	Neurospora crassa
species042	A. galaxii	Acanthocephalus galaxii
species042	Acanthocephalus galaxii	Acanthocephalus galaxii
species042	Galaxias anomalus	Galaxias anomalus
species042	Salmo trutta	Salmo trutta
species043	P. circumflexum	Plasmodium circumflexum
species043	Plasmodium relictum	Plasmodium relictum
species044	Coereba flaveola	Coereba flaveola
species044	Haemoproteus spp.	Haemoproteus spp.
species044	Loxigilla barbadensis	Loxigilla barbadensis
species044	Loxigilla noctis	Loxigilla noctis
species044	Loxigilla spp.	Loxigilla spp.
species044	Plasmodium spp.	Plasmodium spp.
species044	Tiaris bicolor	Tiaris bicolor
species045	Acyrthosiphon pisum	Acyrthosiphon pisum
species045	Ni. lugens	Nilaparvata lugens
species045	Nilaparvata lugens	Nilaparvata lugens
species045	P. maidis	Peregrinus maidis
species045	Peregrinus maidis	Peregrinus maidis
species046	M. arctica	Megaphorura arctica
species046	Megaphorura arctica	Megaphorura arctica
species047	B. mori	Bombyx mori
species047	Bombyx mori	Bombyx mori
species047	T. ni	Trichoplusia ni
species047	Trichoplusia ni	Trichoplusia ni
species048	Tetranychus urticae	Tetranychus urticae
species049	E. crassipes	Eichhornia crassipes
species049	Eichhornia crassipes	Eichhornia crassipes
species053	Sula nebouxii	Sula nebouxii
species054	Amnibacterium kyonggiense	Amnibacterium kyonggiense
species054	Labedella gwakjiensis	Labedella gwakjiensis
species054	Leifsonia ginsengi	Leifsonia ginsengi
species054	Microterricola viridarii	Microterricola viridarii
species055	Methanobacterium ferruginis	Methanobacterium ferruginis
species055	Methanobacterium petrolearium	Methanobacterium petrolearium
species055	Methanobacterium subterraneum	Methanobacterium subterraneum
species056	Jiangella alba	Jiangella alba
species056	Jiangella alkaliphila	Jiangella alkaliphila
species056	Jiangella gansuensis	Jiangella gansuensis
species056	Jiangella muralis	Jiangella muralis
species056	Jiangella species	Jiangella species
species057	Beutenbergia cavernae	Beutenbergia cavernae
species057	Miniimonas arenae	Miniimonas arenae
species057	Salana multivorans	Salana multivorans
species057	Serinibacter salmoneus	Serinibacter salmoneus
species058	D. hansenii	Debaryomyces hansenii
species058	Debaryomyces hansenii	Debaryomyces hansenii
species059	Carex scabrifolia	Carex scabrifolia
species059	N. pyridinolyticus	Nocardioides pyridinolyticus
species059	Nocardioides aquiterrae	Nocardioides aquiterrae
species059	Nocardioides caricicola	Nocardioides caricicola
species059	Nocardioides dokdonensis	Nocardioides dokdonensis
species059	Nocardioides hankookensis	Nocardioides hankookensis
species059	Nocardioides pyridinolyticus	Nocardioides pyridinolyticus
species060	S. cellobiosiphila	Spirochaeta cellobiosiphila
species060	S. isovalerica	Spirochaeta isovalerica
species060	Spirochaeta litoralis	Spirochaeta litoralis
species060	Spirochaeta perfilievii	Spirochaeta perfilievii
species061	Caloranaerobacter azorensis	Caloranaerobacter azorensis
species061	Clostridiisalibacter paucivorans	Clostridiisalibacter paucivorans
species061	Sporosalibacterium faouarense	Sporosalibacterium faouarense
species061	Thermohalobacter berrensis	Thermohalobacter berrensis
species062	Bacillus subtilis	Bacillus subtilis
species062	Candida albicans	Candida albicans
species062	Escherichia coli	Escherichia coli
species062	Penicillium citrinum	Penicillium citrinum
species062	Pseudomonas aeruginosa	Pseudomonas aeruginosa
species062	S. morookaense	Streptomyces morookaense
species062	Streptomyces lacticiproducens	Streptomyces lacticiproducens
species062	Streptomyces lavenduligriseus	Streptomyces lavenduligriseus
species062	Streptomyces morookaense	Streptomyces morookaense
species063	Candida albicans	Candida albicans
species063	Candida glabrata	Candida glabrata
species063	Candida krusei	Candida krusei
species063	Rhodotorula species	Rhodotorula species
species063	Trichosporon species	Trichosporon species
species066	C. mopane	Colophospermum mopane
species066	Colophospermum mopane	Colophospermum mopane
species067	Alligator mississippiensis	Alligator mississippiensis
species068	Rhabdomys pumilio	Rhabdomys pumilio
species069	Escherichia coli	Escherichia coli
species071	S. aureus	Staphylococcus aureus
species071	Staphylococcus aureus	Staphylococcus aureus
species074	C. neoformans	Cryptococcus neoformans
species074	Cryptococcus neoformans	Cryptococcus neoformans
species074	Saccharomyces cerevisiae	Saccharomyces cerevisiae
species075	Triticum durum	Triticum durum
species076	P. c. stanleyana	Puma concolor subsp. stanleyana
species076	Puma concolor coryi	Puma concolor subsp. coryi
species077	Bacillus thuringiensis var. israelensis	Bacillus thuringiensis var. israelensis
species077	M. domestica	Musca domestica
species077	Musca domestica	Musca domestica
species078	F. graminearum	Fusarium graminearum
species078	F. oxysporum	Fusarium oxysporum
species078	F. verticillioides	Fusarium verticillioides
species078	Fusarium verticillioides	Fusarium verticillioides
species079	Phaseolus vulgaris	Phaseolus vulgaris
species080	Helianthus annuus	Helianthus annuus
species082	Eimeria falciformis	Eimeria falciformis
species082	Eimeria nieschulzi	Eimeria nieschulzi
species082	Eimeria species	Eimeria species
species084	Salmo trutta	Salmo trutta
species084	Salvelinus alpines	Salvelinus alpines
species088	C. neoformans	Cryptococcus neoformans
species088	Cryptococcus neoformans	Cryptococcus neoformans
species088	Saccharomyces cerevisiae	Saccharomyces cerevisiae
species088	Ustilago maydis	Ustilago maydis
species089	Phytophthora sojae	Phytophthora sojae
species090	Conotrachelus nenuphar	Conotrachelus nenuphar
species090	Diabrotica virgifera virgifera	Diabrotica virgifera subsp. virgifera
species090	Leptinotarsa decemlineata	Leptinotarsa decemlineata
species091	Bacillus thuringiensis	Bacillus thuringiensis
species091	C. tremulae	Chrysomela tremulae
species091	Chrysomela tremulae	Chrysomela tremulae
species092	S. singularis	Sahlbergella singularis
species092	Sahlbergella singularis	Sahlbergella singularis
species092	Theobroma cacao	Theobroma cacao
species093	S. marcescens	Serratia marcescens
species093	Serratia marcescens	Serratia marcescens
species094	Arabidopsis thaliana	Arabidopsis thaliana
species095	Notiomystis cincta	Notiomystis cincta
species096	Aedes aegypti	Aedes aegypti
species097	S. zeamais	Sitophilus zeamais
species097	Sitophilus zeamais	Sitophilus zeamais
species098	A. fumigatus	Aspergillus fumigatus
species098	Aspergillus fumigatus	Aspergillus fumigatus
species100	Thamnophis elegans	Thamnophis elegans
species101	A. nidulans	Aspergillus nidulans
species101	Aspergillus nidulans	Aspergillus nidulans
species102	Aspergillus fumigatus	Aspergillus fumigatus
species102	Botryotinia fuckeliana	Botryotinia fuckeliana
species102	Chaetomium globosum	Chaetomium globosum
species102	U. maydis	Ustilago maydis
species102	Ustilago maydis	Ustilago maydis
species103	Borrelia burgdorferi	Borrelia burgdorferi
species103	Peromyscus leucopus	Peromyscus leucopus
species104	M. oryzae	Magnaporthe oryzae
species104	Magnaporthe oryzae	Magnaporthe oryzae
species105	Glomus intraradices	Glomus intraradices
species106	A. fumigatus	Aspergillus fumigatus
species106	Aspergillus fumigatus	Aspergillus fumigatus
species107	Lanius collurio	Lanius collurio
species108	Escherichia coli	Escherichia coli
species109	N. meningitidis	Neisseria meningitidis
species109	Neisseria meningitidis	Neisseria meningitidis
species110	Burkholderia cenocepacia	Burkholderia cenocepacia
species110	Rhizoctonia solani	Rhizoctonia solani
species111	Aeromonas hydrophila	Aeromonas hydrophila
species112	M. smegmatis	Mycobacterium smegmatis
species112	M. tuberculosis	Mycobacterium tuberculosis
species112	Mycobacterium tuberculosis	Mycobacterium tuberculosis
species113	Leucena leucocephala	Leucena leucocephala
species113	R. mongolense	Rhizobium mongolense
species113	Rhizobium mongolense	Rhizobium mongolense
species113	Rhizobium sp.	Rhizobium sp.
species113	Sinorhizobium medicae	Sinorhizobium medicae
species113	Sinorhizobium meliloti	Sinorhizobium meliloti
species114	B. amyloliquefaciens	Bacillus amyloliquefaciens
species114	Bacillus amyloliquefaciens	Bacillus amyloliquefaciens
species115	B. subtilis	Bacillus subtilis
species115	Bacillus subtilis	Bacillus subtilis
species116	C. difficile	Clostridium difficile
species116	Clostridium difficile	Clostridium difficile
species117	B. anthracis	Bacillus anthracis
species117	Bacillus anthracis	Bacillus anthracis
species118	B. anthracis	Bacillus anthracis
species118	Bacillus anthracis	Bacillus anthracis
species120	P. fluorescens	Pseudomonas fluorescens
species120	P. syringae	Pseudomonas syringae
species120	Pseudomonas fluorescens	Pseudomonas fluorescens
species120	Pseudomonas syringae	Pseudomonas syringae
species121	Helicobacter pylori	Helicobacter pylori
species122	P. gingivalis	Porphyromonas gingivalis
species122	Porphyromonas gingivalis	Porphyromonas gingivalis
species123	Synechocystis sp.	Synechocystis sp.
species124	D. papillatum	Diplonema papillatum
species124	Diplonema papillatum	Diplonema papillatum
species126	P. kevei	Peridiniopsis kevei
species126	P. niei	Peridiniopsis niei
species126	P. penardii	Peridiniopsis penardii
species126	Peridiniopsis penardii var. robusta	Peridiniopsis penardii var. robusta
species126	Peridiniopsis spp.	Peridiniopsis spp.
species127	C. ciliata	Corythucha ciliata
species127	Corythucha ciliata	Corythucha ciliata
species127	Platanus x acerifolia	Platanus ⨉acerifolia
species128	C. flavipes	Cotesia flavipes
species128	Cotesia sesamiae	Cotesia sesamiae
species128	Cotesia species	Cotesia species
species128	Cyperus spp.	Cyperus spp.
species128	Panicum spp.	Panicum spp.
species128	Pennisetum spp.	Pennisetum spp.
species128	Sorghum bicolor	Sorghum bicolor
species128	Sorghum spp.	Sorghum spp.
species128	Zea mays	Zea mays
species129	C. hominivorax	Cochliomyia hominivorax
species129	Cochliomyia hominivorax	Cochliomyia hominivorax
species133	Micrometopion nutans	Micrometopion nutans
species133	Minimassisteria diva	Minimassisteria diva
species133	Nudifila producta	Nudifila producta
species133	Ovulinata parva	Ovulinata parva
species133	Peregrinia clavideferens	Peregrinia clavideferens
species133	Tremula longifila	Tremula longifila
species134	Chlorella minutissima	Chlorella minutissima
species135	Tetrahymena canadensis	Tetrahymena canadensis
species135	Tetrahymena hegewischi	Tetrahymena hegewischi
species135	Tetrahymena pyriformis	Tetrahymena pyriformis
species135	Tetrahymena rostrata	Tetrahymena rostrata
species135	Tetrahymena thermophila	Tetrahymena thermophila
species135	Tetrahymena tropicalis	Tetrahymena tropicalis
species136	Difflugia spp.	Difflugia spp.
species138	Aspergillus fumigatus	Aspergillus fumigatus
species140	N. pumilio	Nothofagus pumilio
species140	Nothofagus pumilio	Nothofagus pumilio
species141	U. maydis	Ustilago maydis
species141	Ustilago maydis	Ustilago maydis
species141	Zea mays	Zea mays
species143	Liriomyza huidobrensis	Liriomyza huidobrensis
species143	Opius dissitus	Opius dissitus
species145	Antirrhinum majus	Antirrhinum majus
species146	S. officinarum	Saccharum officinarum
species146	S. spontaneum	Saccharum spontaneum
species146	Saccharum spp.	Saccharum spp.
species147	Omegastrombidium elegans	Omegastrombidium elegans
species147	Paratontonia gracillima	Paratontonia gracillima
species147	S. montagnesi	Strombidium montagnesi
species147	S. wilberti	Strombidium wilberti
species147	Strombidium constrictum	Strombidium constrictum
species148	A. thaliana	Arabidopsis thaliana
species148	Arabidopsis thaliana	Arabidopsis thaliana
species149	Oryza sativa	Oryza sativa
species150	T. melanosporum	Tuber melanosporum
species150	Tuber melanosporum	Tuber melanosporum
species151	Tuber melanosporum	Tuber melanosporum
species152	Botrytis cinerea	Botrytis cinerea
species155	B. fuscus	Bathygobius fuscus
species155	Bathygobius fuscus	Bathygobius fuscus
species155	C. gulosus	Chaenogobius gulosus
species155	Chaenogobius annularis	Chaenogobius annularis
species155	Chaenogobius species	Chaenogobius species
species156	C. velia	Chromera velia
species156	Chromera velia	Chromera velia
species159	Escherichia coli	Escherichia coli
species159	Riemerella anatipestifer	Riemerella anatipestifer
species160	Accipiter nisus	Accipiter nisus
species160	Tringa totanus	Tringa totanus
species161	L. niger	Lasius niger
species161	Lasius niger	Lasius niger
species161	M. rubra	Myrmica rubra
species161	Myrmica rubra	Myrmica rubra
species162	Cuculus canorus	Cuculus canorus
species162	Turdus spp.	Turdus spp.
species163	Aspergillus fumigatus	Aspergillus fumigatus
species164	A. fumigatus	Aspergillus fumigatus
species164	Aspergillus fumigatus	Aspergillus fumigatus
species165	N. crassa	Neurospora crassa
species165	Neurospora crassa	Neurospora crassa
species165	Schizosaccharomyces pombe	Schizosaccharomyces pombe
species166	A. fumigatus	Aspergillus fumigatus
species166	Aspergillus fumigatus	Aspergillus fumigatus
species167	Escherichia coli	Escherichia coli
species167	Musca domestica	Musca domestica
species167	Sarcophaga crassipalpis	Sarcophaga crassipalpis
species169	E. caudatum	Entodinium caudatum
species169	E. ecaudatum	Epidinium ecaudatum
species169	E. maggii	Eudiplodinium maggii
species169	Entodinium caudatum	Entodinium caudatum
species169	Epidinium ecaudatum	Epidinium ecaudatum
species169	Eudiplodinium maggii	Eudiplodinium maggii
species170	Equus caballus	Equus caballus
species172	B. bassiana	Beauveria bassiana
species172	B. licheniformis	Bacillus licheniformis
species172	B. megaterium	Bacillus megaterium
species172	B. mycoides	Bacillus mycoides
species172	B. pumilus	Bacillus pumilus
species172	B. subtilis	Bacillus subtilis
species172	Bacillus thuringiensis	Bacillus thuringiensis
species172	Beauveria bassiana	Beauveria bassiana
species172	D. kuscheli	Delphacodes kuscheli
species172	D. maidis	Delphacodes maidis
species172	Dalbulus maidis	Dalbulus maidis
species172	Delphacodes kuscheli	Delphacodes kuscheli
species175	Solenopsis invicta	Solenopsis invicta
species176	Gurania sp.	Gurania sp.
species176	H. erato	Heliconius erato
species176	Heliconius erato	Heliconius erato
species176	Psiguria sp.	Psiguria sp.
species176	Psychotria sp.	Psychotria sp.
species177	M. catharinae	Myrmelachista catharinae
species177	Myrmelachista catharinae	Myrmelachista catharinae
species179	P. tricornutum	Phaeodactylum tricornutum
species179	Phaeodactylum tricornutum	Phaeodactylum tricornutum
species180	Almophrya bivacuolata	Almophrya bivacuolata
species180	Eudrilophrya complanata	Eudrilophrya complanata
species180	Metaracoelophrya intermedia	Metaracoelophrya intermedia
species180	Metaracoelophrya sp.	Metaracoelophrya sp.
species180	Metaradiophrya sp.	Metaradiophrya sp.
species180	Njinella prolifera	Njinella prolifera
species180	Paraclausilocola constricta	Paraclausilocola constricta
species180	Paraclausilocola elongata	Paraclausilocola elongata
species182	P. thompsoni	Parasterkiella thompsoni
species182	Parasterkiella thompsoni	Parasterkiella thompsoni
species182	Sterkiella thompsoni	Sterkiella thompsoni
species185	Aspergillus nidulans	Aspergillus nidulans
species186	A. terreus	Aspergillus terreus
species186	Aspergillus niger	Aspergillus niger
species186	Aspergillus species	Aspergillus species
species186	Aspergillus terreus	Aspergillus terreus
species186	Escherichia coli	Escherichia coli
species191	Cinclus cinclus	Cinclus cinclus
species195	A. nidulans	Aspergillus nidulans
species195	Aspergillus nidulans	Aspergillus nidulans
species196	F. graminearum	Fusarium graminearum
species196	Fusarium graminearum	Fusarium graminearum
species196	Fusarium species	Fusarium species
species197	Blumeria graminis	Blumeria graminis
species201	Nicotiana benthamiana	Nicotiana benthamiana
species206	Bombyx mori	Bombyx mori
species206	Escherichia coli	Escherichia coli
species207	Apis mellifera	Apis mellifera
species207	Varroa destructor	Varroa destructor
species208	Riptortus pedestris	Riptortus pedestris
species209	Perkinsus marinus	Perkinsus marinus
species213	A. flavus	Aspergillus flavus
species213	A. oryzae	Aspergillus oryzae
species213	Aspergillus flavus	Aspergillus flavus
species213	Aspergillus fumigatus	Aspergillus fumigatus
species213	Aspergillus nidulans	Aspergillus nidulans
species213	Aspergillus oryzae	Aspergillus oryzae
species214	Aedes aegypti	Aedes aegypti
species214	Orseolia oryzae	Orseolia oryzae
species215	E. sinensis	Eupolyphaga sinensis
species215	Eupolyphaga sinensis	Eupolyphaga sinensis
species216	Polysphondylium pallidum	Polysphondylium pallidum
species217	C. adspersus	Cylindrocopturus adspersus
species217	Cylindrocopturus adspersus	Cylindrocopturus adspersus
species217	H. annuus	Helianthus annuus
species217	H. nuttallii	Helianthus nuttallii
species217	H. pauciflorus	Helianthus pauciflorus
species217	H. petiolaris	Helianthus petiolaris
species217	Helianthus annuus	Helianthus annuus
species218	H. vitripennis	Homalodisca vitripennis
species218	Homalodisca vitripennis	Homalodisca vitripennis
species218	Xylella fastidiosa	Xylella fastidiosa
species219	Bemisia argentifolii	Bemisia argentifolii
species219	Eretmocerus eremicus	Eretmocerus eremicus
species219	Glomus etunicatum	Glomus etunicatum
species219	Nicotiana rustica	Nicotiana rustica
species220	G. molesta	Grapholita molesta
species220	Grapholita molesta	Grapholita molesta
species220	Prunus persica	Prunus persica
species220	Trichogramma minutum	Trichogramma minutum
species221	M. micromalus	Malus micromalus
species221	Malus baccata	Malus baccata
species221	Spilocaea pomi	Spilocaea pomi
species221	V. inaequalis	Venturia inaequalis
species221	Venturia inaequalis	Venturia inaequalis
species222	B. bassiana	Beauveria bassiana
species222	Beauveria bassiana	Beauveria bassiana
species222	Galleria mellonella	Galleria mellonella
species222	M. brunneum	Metarhizium brunneum
species222	Metarhizium brunneum	Metarhizium brunneum
species223	P. tricuspis	Pseudacteon tricuspis
species223	Pseudacteon tricuspis	Pseudacteon tricuspis
species224	T. castaneum	Tribolium castaneum
species224	Tribolium castaneum	Tribolium castaneum
species225	M. raptorellus	Muscidifurax raptorellus
species225	Muscidifurax raptorellus	Muscidifurax raptorellus
species225	Muscidifurax spp.	Muscidifurax spp.
species225	S. cameroni	Spalangia cameroni
species225	S. endius	Spalangia endius
species225	Spalangia cameroni	Spalangia cameroni
species225	Spalangia endius	Spalangia endius
species225	Spalangia spp.	Spalangia spp.
species227	Cristigera media	Cristigera media
species227	Falcicyclidium atractodes	Falcicyclidium atractodes
species227	Falcicyclidium fangi	Falcicyclidium fangi
species228	E. abietinum	Elatobium abietinum
species228	Elatobium abietinum	Elatobium abietinum
species229	B. tabaci	Bemisia tabaci
species229	Bemisia tabaci	Bemisia tabaci
species230	B. tabaci	Bemisia tabaci
species230	Bemisia tabaci	Bemisia tabaci
species230	T. vaporariorum	Trialeurodes vaporariorum
species230	Trialeurodes vaporariorum	Trialeurodes vaporariorum
species232	Escherichia coli	Escherichia coli
species233	Saccharomyces cerevisiae	Saccharomyces cerevisiae
species234	B. tabaci	Bemisia tabaci
species234	Bemisia tabaci	Bemisia tabaci
species234	T. vaporariorum	Trialeurodes vaporariorum
species234	Trialeurodes vaporariorum	Trialeurodes vaporariorum
species235	Amorbia concavana	Amorbia concavana
species235	Cochylis sp.	Cochylis sp.
species235	Crocidosema lantana	Crocidosema lantana
species235	O. duodecemstriata	Ofatulena duodecemstriata
species235	O. luminosa	Ofatulena luminosa
species235	Ofatulena duodecemstriata	Ofatulena duodecemstriata
species235	Ofatulena luminosa	Ofatulena luminosa
species235	Ofatulena sp.	Ofatulena sp.
species235	P. aculeata	Parkinsonia aculeata
species235	Parkinsonia aculeata	Parkinsonia aculeata
species235	Platynota helianthes	Platynota helianthes
species235	Platynota rostrana	Platynota rostrana
species235	Platynota stultana	Platynota stultana
species235	R. leguminana	Rudenia leguminana
species235	Rudenia leguminana	Rudenia leguminana
species236	Bombyx mori	Bombyx mori
species237	Heliothis virescens	Heliothis virescens
species238	Chusquea c.f. scandens	Chusquea scandens
species238	Mygona irmina	Mygona irmina
species239	Parus major	Parus major
species240	Heliothis virescens	Heliothis virescens
species240	T. nigriceps	Toxoneuron nigriceps
species240	Toxoneuron nigriceps	Toxoneuron nigriceps
species241	B. bassiana	Beauveria bassiana
species241	Beauveria bassiana	Beauveria bassiana
species241	Gynaikothrips uzeli	Gynaikothrips uzeli
species241	Isaria sp.	Isaria sp.
species241	M. anisopliae	Metarhizium anisopliae
species241	Metarhizium anisopliae	Metarhizium anisopliae
species241	Paecilomyces sp.	Paecilomyces sp.
species241	Tenebrio molitor	Tenebrio molitor
species241	Trialeurodes vaporariorum	Trialeurodes vaporariorum
species242	Ostrinia nubilalis	Ostrinia nubilalis
species248	D. algensis	Dermamoeba algensis
species248	D. granifera	Dermamoeba granifera
species248	D. minor	Dermamoeba minor
species248	Dermamoeba algensis	Dermamoeba algensis
species249	Staphylococcus aureus	Staphylococcus aureus
species252	C. fetus	Campylobacter fetus
species252	C. fetus subsp. venerealis	Campylobacter fetus subsp. venerealis
species252	Campylobacter coli	Campylobacter coli
species252	Campylobacter fetus	Campylobacter fetus
species252	Campylobacter fetus subsp. venerealis	Campylobacter fetus subsp. venerealis
species252	Escherichia coli	Escherichia coli
species253	Serinicoccus marinus	Serinicoccus marinus
species253	Serinicoccus profundi	Serinicoccus profundi
species256	Saccharomyces cerevisiae	Saccharomyces cerevisiae
species278	Phyllonorycter species	Phyllonorycter species
species278	Quercus robur	Quercus robur
species278	T. ekebladella	Tischeria ekebladella
species278	Tischeria ekebladella	Tischeria ekebladella
species279	Schizosaccharomyces pombe	Schizosaccharomyces pombe
species282	Elphidium species	Elphidium species
species285	Oscillochloris trichoides	Oscillochloris trichoides
species286	B. rhodani	Baetis rhodani
species286	Baetis rhodani	Baetis rhodani
species286	Ephemerella ignita	Ephemerella ignita
species287	Microtus oeconomus	Microtus oeconomus
species289	Chlorella vulgaris	Chlorella vulgaris
species289	P. bursaria	Paramecium bursaria
species289	Paramecium bursaria	Paramecium bursaria
species290	Flavobacterium beibuense	Flavobacterium beibuense
species290	Flavobacterium frigoris	Flavobacterium frigoris
species290	Flavobacterium gelidilacus	Flavobacterium gelidilacus
species290	Flavobacterium species	Flavobacterium species
species290	Flavobacterium terrae	Flavobacterium terrae
species292	Brassica oleracea var. italica	Brassica oleracea var. italica
species293	Nicotiana tabacum	Nicotiana tabacum
species293	Zea mays	Zea mays
species294	Ochromonas sp.	Ochromonas sp.
species294	P. malhamensis	Poterioochromonas malhamensis
species294	Poterioochromonas malhamensis	Poterioochromonas malhamensis
species295	Bombyx mori	Bombyx mori
species296	Daucus carota	Daucus carota
species296	M. truncatula	Medicago truncatula
species296	Medicago truncatula	Medicago truncatula
species297	A. thaliana	Arabidopsis thaliana
species297	Arabidopsis thaliana	Arabidopsis thaliana
species298	Bacillus subtilis	Bacillus subtilis
species299	G. biloba	Ginkgo biloba
species299	Ginkgo biloba	Ginkgo biloba
species300	Morchella rufobrunnea	Morchella rufobrunnea
species301	Blastocrithidia culicis	Blastocrithidia culicis
species301	C. desouzai	Crithidia desouzai
species301	Crithidia deanei	Crithidia deanei
species301	Crithidia oncopelti	Crithidia oncopelti
species306	Pichia membranifaciens	Pichia membranifaciens
species306	S. cerevisiae	Saccharomyces cerevisiae
species306	Saccharomyces cerevisiae	Saccharomyces cerevisiae
species307	E. coli	E. coli
species307	Penaeus monodon	Penaeus monodon
species307	Penaeus stylirostris	Penaeus stylirostris
species307	Penaeus vannamei	Penaeus vannamei
species310	D. melanogaster	Drosophila melanogaster
species310	Drosophila melanogaster	Drosophila melanogaster
species310	L. sericata	Lucilia sericata
species310	Lucilia sericata	Lucilia sericata
species313	Tuber melanosporum	Tuber melanosporum
species314	Auritidibacter ignavus	Auritidibacter ignavus
species318	A. oryzae	Aspergillus oryzae
species318	Aspergillus oryzae	Aspergillus oryzae
species319	Pomatostomus temporalis	Pomatostomus temporalis
species321	Brassica rapa	Brassica rapa
species321	Plasmodiophora brassicae	Plasmodiophora brassicae
species321	S. subterranea	Spongospora subterranea
species321	Solanum tuberosum	Solanum tuberosum
species321	Spongospora subterranea	Spongospora subterranea
species323	L. chlorophorum	Lepidodinium chlorophorum
species325	Aspergillus nidulans	Aspergillus nidulans
species326	H. werneckii	Hortaea werneckii
species326	Hortaea werneckii	Hortaea werneckii
species326	S. cerevisae	Saccharomyces cerevisae
species326	S. cerevisiae	Saccharomyces cerevisiae
species326	Saccharomyces cerevisiae	Saccharomyces cerevisiae
species327	Coprinopsis cinerea	Coprinopsis cinerea
species327	Ustilago maydis	Ustilago maydis
species328	S. pneumoniae	Streptococcus pneumoniae
species328	Streptococcus pneumoniae	Streptococcus pneumoniae
species329	A. thaliana	Arabidopsis thaliana
species329	Arabidopsis thaliana	Arabidopsis thaliana
species329	L. crassa	Leavenworthia crassa
species329	Leavenworthia crassa	Leavenworthia crassa
species330	L. creticus	Lotus creticus
species330	Lotus corniculatus	Lotus corniculatus
species330	Lotus creticus	Lotus creticus
species330	Lotus species	Lotus species
species330	Lotus tenuis	Lotus tenuis
species334	Acyrthosiphon pisum	Acyrthosiphon pisum
species334	S. symbiotica	Serratia symbiotica
species334	Serratia symbiotica	Serratia symbiotica
species335	Apis cerana cerana	Apis cerana subsp. cerana
species336	Zea mays	Zea mays
species337	Fagus sylvatica	Fagus sylvatica
species337	Picea abies	Picea abies
species341	Apis mellifera	Apis mellifera
species342	Agrobacterium tumefaciens	Agrobacterium tumefaciens
species342	Agrobacterium tumefasciens	Agrobacterium tumefasciens
species342	Agrobacterium tumefsciens	Agrobacterium tumefsciens
species342	Aspergillus nidulans	Aspergillus nidulans
species342	Blastocladiella emersonii	Blastocladiella emersonii
species343	Penicillium chrysogenum	Penicillium chrysogenum
species344	C. neoformans	Cryptococcus neoformans
species344	Cryptococcus neoformans	Cryptococcus neoformans
species345	Ae. aegypti	Aedes aegypti
species345	Aedes aegypti	Aedes aegypti
species346	Neurospora crassa	Neurospora crassa
species347	Gryllus bimaculatus	Gryllus bimaculatus
species348	Aspergillus nidulans	Aspergillus nidulans
species352	F. graminearum	Fusarium graminearum
species352	Fusarium species	Fusarium species
species356	Streptococcus mutans	Streptococcus mutans
species357	E. faecium	Enterococcus faecium
species357	Enterococcus faecium	Enterococcus faecium
species358	Paramecium caudatum	Paramecium caudatum
species359	P. aeruginosa	Pseudomonas aeruginosa
species359	Pseudomonas aeruginosa	Pseudomonas aeruginosa
species361	Streptococcus suis	Streptococcus suis
species363	Pinus sylvestris	Pinus sylvestris
species369	Eciton burchellii	Eciton burchellii
species369	Labidus praedator	Labidus praedator
species371	Alces alces	Alces alces
species375	S. cerevisiae	Saccharomyces cerevisiae
species375	Saccharomyces cerevisiae	Saccharomyces cerevisiae
species376	A. pernix	Aeropyrum pernix
species376	Aeropyrum pernix	Aeropyrum pernix
species376	Sulfolobus solfataricus	Sulfolobus solfataricus
species377	A. xylosoxidans	Achromobacter xylosoxidans
species377	Achromobacter xylosoxidans	Achromobacter xylosoxidans
species379	B. subtilis	Bacillus subtilis
species379	Bacillus subtilis	Bacillus subtilis
species380	Escherichia coli	Escherichia coli
species380	Shigella boydii	Shigella boydii
species381	Bacillus subtilis	Bacillus subtilis
species382	Chlamydia spp.	Chlamydia spp.
species382	Chlamydia trachomatis	Chlamydia trachomatis
species383	E. coli	Escherichia coli
species383	Escherichia coli	Escherichia coli
species384	E. coli	Escherichia coli
species384	Escherichia coli	Escherichia coli
species385	M. acetivorans	Methanosarcina acetivorans
species385	M. maripaludis	Methanococcus maripaludis
species385	Methanocaldococcus jannaschii	Methanocaldococcus jannaschii
species385	Methanococcus maripaludis	Methanococcus maripaludis
species385	Methanosarcina acetivorans	Methanosarcina acetivorans
species385	Methanothermobacter thermoautotrophicus	Methanothermobacter thermoautotrophicus
species388	Escherichia coli	Escherichia coli
species388	P. aeruginosa	Pseudomonas aeruginosa
species388	Pseudomonas aeruginosa	Pseudomonas aeruginosa
species390	Escherichia coli	Escherichia coli
species391	Pseudomonas aeruginosa	Pseudomonas aeruginosa
species397	S. macrospora	Sordaria macrospora
species397	Sordaria macrospora	Sordaria macrospora
species398	F. graminearum	Fusarium graminearum
species398	F. louisianense	Fusarium louisianense
species398	F. nepalense	Fusarium nepalense
species398	Fusarium asiaticum	Fusarium asiaticum
species398	Fusarium gerlachii	Fusarium gerlachii
species398	Fusarium graminearum	Fusarium graminearum
species398	Fusarium louisianense	Fusarium louisianense
species398	Fusarium nepalense	Fusarium nepalense
species398	Fusarium ussurianum	Fusarium ussurianum
species400	Alces alces	Alces alces
species402	Zea mays	Zea mays
species403	C. albicans	Candida albicans
species403	Candida albicans	Candida albicans
species404	A. fumigatus	Aspergillus fumigatus
species404	A. nidulans	Aspergillus nidulans
species404	Aspergillus fumigatus	Aspergillus fumigatus
species404	Aspergillus nidulans	Aspergillus nidulans
species405	Asplanchna priodonta	Asplanchna priodonta
species405	D. biwae	Difflugia biwae
species405	D. hydrostatica	Difflugia hydrostatica
species405	D. mulanensis	Difflugia mulanensis
species405	D. tuberspinifera	Difflugia tuberspinifera
species405	Ploesoma hudsoni	Ploesoma hudsoni
species405	Stentor sp.	Stentor sp.
species406	Colpoda cucullus	Colpoda cucullus
species408	A. nidulans	Aspergillus nidulans
species408	Aspergillus nidulans	Aspergillus nidulans
species410	Parus major	Parus major
species411	Tetrahymena thermophila	Tetrahymena thermophila
species414	P. pentaurelia	Paramecium pentaurelia
species414	Paramecium aurelia	Paramecium aurelia
species414	Paramecium pentaurelia	Paramecium pentaurelia
species415	Mingxiaea foliicola	Mingxiaea foliicola
species415	Mingxiaea hainanensis	Mingxiaea hainanensis
species415	Mingxiaea sanyaensis	Mingxiaea sanyaensis
species415	Mingxiaea variabilis	Mingxiaea variabilis
species415	Mingxiaea wuzhishanensis	Mingxiaea wuzhishanensis
species417	A. fumigatus	Aspergillus fumigatus
species417	A. niger	Aspergillus niger
species417	Aspergillus niger	Aspergillus niger
species420	Glossina spp.	Glossina spp.
species420	Glossinia pallidipes	Glossinia pallidipes
species420	Merodon equestris	Merodon equestris
species420	Musca domestica	Musca domestica
species421	Alnus fruticosa	Alnus fruticosa
species421	Alnus species	Alnus species
species421	Cytospora umbrina	Cytospora umbrina
species421	Valsa melanodiscus	Valsa melanodiscus
species423	P. brassicae	Plasmodiophora brassicae
species423	Plasmodiophora brassicae	Plasmodiophora brassicae
species424	Amphidinium poecilochroum	Amphidinium poecilochroum
species424	G. myriopyrenoides	Gymnodinium myriopyrenoides
species424	Gymnodinium acidotum	Gymnodinium acidotum
species424	Gymnodinium myriopyrenoides	Gymnodinium myriopyrenoides
species425	Aspergillus oryzae	Aspergillus oryzae
species427	E. coli	Escherichia coli
species427	Escherichia coli	Escherichia coli
species427	P. mirabilis	Proteus mirabilis
species427	Proteus mirabilis	Proteus mirabilis
species428	A. arenaria	Ammophila arenaria
species428	Ammophila arenaria	Ammophila arenaria
species429	Metallosphaera sedula	Metallosphaera sedula
species430	Callosobruchus maculatus	Callosobruchus maculatus
species431	P. aeruginosa	Pseudomonas aeruginosa
species431	Pseudomonas aeruginosa	Pseudomonas aeruginosa
species433	Chlamydomonas reinhardtii	Chlamydomonas reinhardtii
species434	Casaurina glauca	Casaurina glauca
species434	Datisca glomerata	Datisca glomerata
species434	M. truncatula	Medicago truncatula
species434	Medicago truncatula	Medicago truncatula
species434	S. meliloti	Sinorhizobium meliloti
species434	Sinorhizobium meliloti	Sinorhizobium meliloti
species435	C. damasonium	Cephalanthera damasonium
species435	Cephalanthera damasonium	Cephalanthera damasonium
species436	Filoreta japonica	Filoreta japonica
species436	Paracercomonas marina	Paracercomonas marina
species436	Paulinella chromatophora	Paulinella chromatophora
species436	Thaumatomastix sp.	Thaumatomastix sp.
species437	Cronartium quercuum	Cronartium quercuum
species438	F. boothii	Fusarium boothii
species438	F. graminearum	Fusarium graminearum
species438	Fusarium boothii	Fusarium boothii
species438	Fusarium graminearum	Fusarium graminearum
species439	A. areolatum	Amylostereum areolatum
species439	Amylostereum areolatum	Amylostereum areolatum
species440	Bombyx mori	Bombyx mori
species440	C. pipiens	Culex pipiens
species440	Culex pipiens	Culex pipiens
species440	Drosophila melanogaster	Drosophila melanogaster
species442	Amoebophrya sp.	Amoebophrya sp.
species442	Amoebophrya spp.	Amoebophrya spp.
species442	Scrippsiella trochoidea	Scrippsiella trochoidea
species444	Aspergillus parasiticus	Aspergillus parasiticus
species446	Barbarea spp.	Barbarea spp.
species446	Barbarea vulgaris	Barbarea vulgaris
species446	Plutella xylostella	Plutella xylostella
species447	Helianthus annuus	Helianthus annuus
species449	Cyanidioschyzon merolae	Cyanidioschyzon merolae
species449	Tetrahymena thermophila	Tetrahymena thermophila
species450	Aureococcus anophagefferens	Aureococcus anophagefferens
species450	Ochromonas danica	Ochromonas danica
species450	Phytophthora nicotianae	Phytophthora nicotianae
species450	Phytophthora species	Phytophthora species
species450	Scytosiphon lomentaria	Scytosiphon lomentaria
species450	T. weissflogii	Thalassiosira weissflogii
species450	Thalassiosira pseudonana	Thalassiosira pseudonana
species451	P. caudatum	Paramecium caudatum
species451	Paramecium caudatum	Paramecium caudatum
species452	Turdus torquatus	Turdus torquatus
species461	Camponotus herculeanus	Camponotus herculeanus
species461	F. aquilonia	Formica aquilonia
species461	Formica aquilonia	Formica aquilonia
species462	F. graminearum	Fusarium graminearum
species462	Fusarium graminearum	Fusarium graminearum
species466	Picea glauca	Picea glauca
species467	Populus trichocarpa x deltoides	Populus deltoides ⨉ trichocarpa
species468	Populus trichocarpa	Populus trichocarpa
species470	B. mori	Bombyx mori
species470	Bombyx mori	Bombyx mori
species470	D. melanogaster	Drosophila melanogaster
species470	Drosophila melanogaster	Drosophila melanogaster
species470	S. littoralis	Spodoptera littoralis
species470	Spodoptera littoralis	Spodoptera littoralis
species472	L. tridentata	Larrea tridentata
species472	Larrea tridentata	Larrea tridentata
species474	Klebsiella pneumoniae	Klebsiella pneumoniae
species476	Medicago sativa	Medicago sativa
species476	S. meliloti	Sinorhizobium meliloti
species476	Sinorhizobium meliloti	Sinorhizobium meliloti
species478	Triticum aestivum	Triticum aestivum
species479	Escherichia coli	Escherichia coli
species479	Oryza rufipogon	Oryza rufipogon
species479	Oryza sativa	Oryza sativa
species480	P. citri	Panonychus citri
species480	Panonychus citri	Panonychus citri
species480	Tetranychus urticae	Tetranychus urticae
species482	Chelonia mydas	Chelonia mydas
species484	Gibberella zeae	Gibberella zeae
species488	Rupicapra rupicapra	Rupicapra rupicapra
species489	A. annua	Artemisia annua
species489	Artemisia annua	Artemisia annua
species491	N. tetrasperma	Neurospora tetrasperma
species491	Neurospora crassa	Neurospora crassa
species491	Neurospora tetrasperma	Neurospora tetrasperma
species492	C. albicans	Candida albicans
species492	Candida albicans	Candida albicans
species493	Auricularia auricula-judae	Auricularia auriculajudae
species493	Leptogium saturninum	Leptogium saturninum
species493	Neosartorya fischeri	Neosartorya fischeri
species493	Penicillium marneffei	Penicillium marneffei
species494	M. luteolus	Metaphycus luteolus
species494	Metaphycus luteolus	Metaphycus luteolus
species495	B. terrestris	Bombus terrestris
species495	Bombus terrestris	Bombus terrestris
species496	Ae. aegypti	Aedes aegypti
species496	Aedes aegypti	Aedes aegypti
species496	An. gambiae	Anopheles gambiae
species496	Anopheles gambiae	Anopheles gambiae
species496	Anopheles quadrimaculatus	Anopheles quadrimaculatus
species497	K. subtilissimum	Klebsormidium subtilissimum
species497	Klebsormidium flaccidum	Klebsormidium flaccidum
species497	S. chloranthus	Stichococcus chloranthus
species497	Stichococcus bacillaris	Stichococcus bacillaris
species497	Uronema sp.	Uronema sp.
species498	Oryza sativa	Oryza sativa
species500	A. whisleri	Abeoforma whisleri
species500	Abeoforma whisleri	Abeoforma whisleri
species500	P. gemmata	Pirum gemmata
species500	Pirum gemmata	Pirum gemmata
species501	Pieris brassicae	Pieris brassicae
species502	H. virescens	Heliothis virescens
species502	Heliothis virescens	Heliothis virescens
species503	Saccharomyces cerevisiae	Saccharomyces cerevisiae
species504	H. subflexa	Heliothis subflexa
species504	Heliothis subflexa	Heliothis subflexa
species504	Heliothis virescens	Heliothis virescens
species505	Escherichia coli	Escherichia coli
species506	B. dermatitidis	Blastomyces dermatitidis
species506	Blastomyces dermatitidis	Blastomyces dermatitidis
species506	E. parva	Emmonsia parva
species506	Emmonsia parva	Emmonsia parva
species506	Escherichia coli	Escherichia coli
species506	Histoplasma capsulatum	Histoplasma capsulatum
species506	P. brasiliensis	Paracoccidioides brasiliensis
species506	Paracoccidioides brasiliensis	Paracoccidioides brasiliensis
species507	Aspergillus nidulans	Aspergillus nidulans
species507	N. crassa	Neurospora crassa
species507	Neurospora crassa	Neurospora crassa
species508	N. crassa	Neurospora crassa
species508	Neurospora crassa	Neurospora crassa
species509	P. brasiliensis	Paracoccidioides brasiliensis
species509	Paracoccidioides brasiliensis	Paracoccidioides brasiliensis
species509	Paracoccidioides lutzii	Paracoccidioides lutzii
species510	Cryptococcus neoformans	Cryptococcus neoformans
species511	Magnaporthe oryzae	Magnaporthe oryzae
species516	Rhizomastix biflagellata	Rhizomastix biflagellata
species516	Rhizomastix species	Rhizomastix species
species517	Helicoverpa armigera	Helicoverpa armigera
species522	Ae. aegypti	Aedes aegypti
species522	Aedes aegypti	Aedes aegypti
species523	Citrus volkameriana	Citrus volkameriana
species525	A. nidulans	Aspergillus nidulans
species525	Aspergillus fumigatus	Aspergillus fumigatus
species525	Aspergillus nidulans	Aspergillus nidulans
species525	Escherichia coli	Escherichia coli
species525	Saccharomyces cerevisiae	Saccharomyces cerevisiae
species526	Xanthomonas oryzae	Xanthomonas oryzae
species527	A. assamensis	Antheraea assamensis
species527	Antheraea assamensis	Antheraea assamensis
species527	L. monopetala	Litsea monopetala
species527	Litsea monopetala	Litsea monopetala
species527	P. bombycina	Persea bombycina
species527	Persea bombycina	Persea bombycina
species528	Drosophila melanogaster	Drosophila melanogaster
species529	R. appendiculatus	Rhipicephalus appendiculatus
species529	Rhipicephalus appendiculatus	Rhipicephalus appendiculatus
species529	Rhipicephalus microplus	Rhipicephalus microplus
species530	N. lugens	Nilaparvata lugens
species530	Nilaparvata lugens	Nilaparvata lugens
species531	S. canaliculata	Sinophysis canaliculata
species531	Sinophysis canaliculata	Sinophysis canaliculata
species532	Corynebacterium glutamicum	Corynebacterium glutamicum
species533	B. bifidum	Bifidobacterium bifidum
species533	Bifidobacterium bifidum	Bifidobacterium bifidum
species534	Manihot glaziovii	Manihot glaziovii
species535	Acrocephalus sechellensis	Acrocephalus sechellensis
species536	Ch. velia	Chromera velia
species536	Chromera velia	Chromera velia
species536	Colpodella edax	Colpodella edax
species539	L. japonicus	Lotus japonicus
species539	Lotus japonicus	Lotus japonicus
species539	M. loti	Mesorhizobium loti
species539	Mesorhizobium loti	Mesorhizobium loti
species541	M. oryzae	Magnaporthe oryzae
species541	Magnaporth oryzae	Magnaporth oryzae
species541	Magnaporthe oryzae	Magnaporthe oryzae
species541	Oryza sativa	Oryza sativa
species542	A. percula	Amphiprion percula
species542	Amphiprion percula	Amphiprion percula
species542	Heteractis magnifica	Heteractis magnifica
species545	L. pneumophila	Legionella pneumophila
species545	Legionella pneumophila	Legionella pneumophila
species545	S. pyogenes	Streptococcus pyogenes
species545	Streptococcus pyogenes	Streptococcus pyogenes
species550	Methanoregula boonei	Methanoregula boonei
species551	Coregonus species	Coregonus species
species551	Coregonus spp.	Coregonus spp.
species554	S. cerevisiae	S. cerevisiae
species555	Agrobacterium tumefaciens	Agrobacterium tumefaciens
species555	Verticillium dahliae	Verticillium dahliae
species558	Aspergillus fumigatus	Aspergillus fumigatus
species558	Candida albicans	Candida albicans
species558	Candida glabrata	Candida glabrata
species558	Candida tropicalis	Candida tropicalis
species558	Fusarium spp	Fusarium spp.
species558	Kluyveromyces marxianus	Kluyveromyces marxianus
species558	Saccharomyces cerevisiae	Saccharomyces cerevisiae
species558	T. brevicompactum	Trichoderma brevicompactum
species558	Trichoderma brevicompactum	Trichoderma brevicompactum
species559	Galleria mellonella	Galleria mellonella
species559	Microsporum gypseum	Microsporum gypseum
species559	Trichophyton rubrum	Trichophyton rubrum
species562	Chrysodeixis chalcites	Chrysodeixis chalcites
species562	Spodoptera exigua	Spodoptera exigua
species562	Spodoptera litura	Spodoptera litura
species562	Trichoplusia ni	Trichoplusia ni
species564	Aspidisca cicada	Aspidisca cicada
species564	Holophrya discolor	Holophrya discolor
species564	Plagiocampa rouxi	Plagiocampa rouxi
species564	Trithigmostoma cucullulus	Trithigmostoma cucullulus
species564	Trochilia minuta	Trochilia minuta
species565	F. oxysporum	Fusarium oxysporum
species565	Fusarium oxysporum	Fusarium oxysporum
species565	G. mellonella	Galleria mellonella
species565	Galleria mellonella	Galleria mellonella
species567	B. terrestris	Bombus terrestris
species567	Bombus terrestris	Bombus terrestris
species570	G. sulfurreducens	Geobacter sulfurreducens
species570	Geobacter sulfurreducens	Geobacter sulfurreducens
species571	Baikalospongia intermedia	Baikalospongia intermedia
species571	Baikalospongia recta	Baikalospongia recta
species571	Gyrodinium helveticum	Gyrodinium helveticum
species571	Lubomirskia incrustans	Lubomirskia incrustans
species572	Macaca mulatta	Macaca mulatta
species573	Tuber melanosporum	Tuber melanosporum
species574	Saccharomyces cerevisiae	Saccharomyces cerevisiae
species575	Sepia apama	Sepia apama
species576	M. australis	Melanotaenia australis
species576	Melanotaenia australis	Melanotaenia australis
species577	T. melanosporum	Tuber melanosporum
species577	Tuber melanosporum	Tuber melanosporum
species578	Acineria uncinata	Acineria uncinata
species578	Opercularia coarctata	Opercularia coarctata
species578	Vorticella infusionum	Vorticella infusionum
species580	E. amylovora	Erwinia amylovora
species580	E. tasmaniensis	Erwinia tasmaniensis
species580	Erwinia amylovora	Erwinia amylovora
species580	Erwinia tasmaniensis	Erwinia tasmaniensis
species581	Trichosurus vulpecula	Trichosurus vulpecula
species582	P. coloniale	Prasinoderma coloniale
species582	Prasinoderma coloniale	Prasinoderma coloniale
species582	Prasinoderma singularis	Prasinoderma singularis
species583	Helicostomella subulata	Helicostomella subulata
species585	S. sanguinis	Streptococcus sanguinis
species585	Streptococcus sanguinis	Streptococcus sanguinis
species587	Saccharophagus degradans	Saccharophagus degradans
species588	Bacillus subtilis	Bacillus subtilis
species589	Synechocystis sp.	Synechocystis sp.
species591	Parvularcula bermudensis	Parvularcula bermudensis
species592	Bacillus species	Bacillus species
species592	Bacillus subtilis	Bacillus subtilis
species593	Escherichia coli	Escherichia coli
species594	Corynebacterium pseudotuberculosis	Corynebacterium pseudotuberculosis
species595	Escherichia coli	Escherichia coli
species596	E. coli	Escherichia coli
species596	Escherichia coli	Escherichia coli
species596	Salmonella enterica	Salmonella enterica
species597	Salmonella enterica	Salmonella enterica
species598	A. tumefaciens	Agrobacterium tumefaciens
species598	Agrobacterium tumefaciens	Agrobacterium tumefaciens
species598	Escherichia coli	Escherichia coli
species598	M. loti	Mesorhizobium loti
species598	Mesorhizobium loti	Mesorhizobium loti
species598	R. etli	Rhizobium etli
species598	Rhizobium etli	Rhizobium etli
species598	S. meliloti	Sinorhizobium meliloti
species598	Sinorhizobium meliloti	Sinorhizobium meliloti
species599	Maribacter sp.	Maribacter sp.
species600	F. gelidilacus	Flavobacterium gelidilacus
species600	Flavobacterium gelidilacus	Flavobacterium gelidilacus
species600	Flavobacterium ponti	Flavobacterium ponti
species601	Thermasporomyces composti	Thermasporomyces composti
species602	Phycicoccus bigeumensis	Phycicoccus bigeumensis
species602	Phycicoccus cremeus	Phycicoccus cremeus
species602	Phycicoccus dokdonensis	Phycicoccus dokdonensis
species603	Salmonella enterica	Salmonella enterica
species604	Pseudomonas aeruginosa	Pseudomonas aeruginosa
species607	Coccinella septempunctata	Coccinella septempunctata
species607	Geocoris bullatus	Geocoris bullatus
species607	Hippodamia convergens	Hippodamia convergens
species607	Nabis alternatus	Nabis alternatus
species608	P. africana	Pseudonebela africana
species608	Pseudonebela africana	Pseudonebela africana
species609	C. albicans	Candida albicans
species609	Candida albicans	Candida albicans
species609	Saccharomyces cerevisiae	Saccharomyces cerevisiae
species611	B. cinerea	Botrytis cinerea
species611	Botrytis cinerea	Botrytis cinerea
species611	Saccharomyces cerevisiae	Saccharomyces cerevisiae
species615	C. cantabrigiensis	Copromyxa cantabrigiensis
species615	C. protea	Copromyxa protea
species615	Copromyxa protea	Copromyxa protea
species615	H. cantabrigiensis	Hartmannella cantabrigiensis
species615	Hartmannella cantabrigiensis	Hartmannella cantabrigiensis
species615	Hartmannella sp.	Hartmannella sp.
species617	T. melanosporum	Tuber melanosporum
species617	Tuber melanosporum	Tuber melanosporum
species620	Mus domesticus	Mus domesticus
species621	Cyphorhinus phaeocephalus	Cyphorhinus phaeocephalus
species623	Nicotiana benthamiana	Nicotiana benthamiana
species623	Pseudomonas syringae	Pseudomonas syringae
species624	Ae. aegypti	Aedes aegypti
species624	Aedes aegypti	Aedes aegypti
species625	An. gambiae	Anopheles gambiae
species625	Anopheles gambiae	Anopheles gambiae
species626	C. plutellae	Cotesia plutellae
species626	Plutella xylostella	Plutella xylostella
species628	Carcharhinus leucas	Carcharhinus leucas
species628	Galeocerdo cuvier	Galeocerdo cuvier
species629	Falco rusticolus	Falco rusticolus
species629	Lagopus lagopus	Lagopus lagopus
species630	Belostoma sp.	Belostoma sp.
species630	Dendropsophus ebraccatus	Dendropsophus ebraccatus
species631	Magnaporthe oryzae	Magnaporthe oryzae
species631	Saccharomyces cerevisiae	Saccharomyces cerevisiae
species632	L. lactis	Lactococcus lactis
species632	Lactococcus lactis	Lactococcus lactis
species633	Bombus terrestris	Bombus terrestris
species633	C. bombi	Crithidia bombi
species633	Crithidia bombi	Crithidia bombi
species634	Bdellovibrio bacteriovorus	Bdellovibrio bacteriovorus
species635	V. cholerae	Vibrio cholerae
species635	Vibrio cholerae	Vibrio cholerae
species636	B. bacteriovorus	Bdellovibrio bacteriovorus
species636	Bdellovibrio bacteriovorus	Bdellovibrio bacteriovorus
species637	Escherichia coli	Escherichia coli
species638	Oryza sativa	Oryza sativa
species639	Salmonella enterica	Salmonella enterica
species640	E. coli	Escherichia coli
species640	Escherichia coli	Escherichia coli
species641	M. tuberculosis	Mycobacterium tuberculosis
species641	Mycobacterium tuberculosis	Mycobacterium tuberculosis
species642	Oryza sativa	Oryza sativa
species646	Pseudoentodinium elephantis	Pseudoentodinium elephantis
species646	Raabena bella	Raabena bella
species646	T. antis	Triplumaria antis
species646	T. dvoinosi	Triplumaria dvoinosi
species646	T. fulgora	Triplumaria fulgora
species646	T. grypoclunis	Triplumaria grypoclunis
species646	T. harpagonis	Triplumaria harpagonis
species646	T. selenica	Triplumaria selenica
species646	T. solea	Triplumaria solea
species646	T. sukuna	Triplumaria sukuna
species646	T. suwako	Triplumaria suwako
species646	T. zuze	Triplumaria zuze
species646	Triplumaria species	Triplumaria species
species647	Phytophthora ramorum	Phytophthora ramorum
species648	Quercus petraea	Quercus petraea
species649	R. prolixus	Rhodnius prolixus
species649	Rhodnius prolixus	Rhodnius prolixus
species650	A. petiolata	Alliaria petiolata
species650	Alliaria petiolata	Alliaria petiolata
species651	Colpoda aspera	Colpoda aspera
species654	S. ratti	Streptococcus ratti
species654	S. ursoris	Streptococcus ursoris
species654	Streptococcus ratti	Streptococcus ratti
species654	Streptococcus ursoris	Streptococcus ursoris
species659	Rumex palustris	Rumex palustris
species662	M. bovis	Mycobacterium bovis
species662	Mycobacterium bovis	Mycobacterium bovis
species665	Bacillus subtilis	Bacillus subtilis
species665	Escherichia coli	Escherichia coli
species667	Mycoplasma pneumoniae	Mycoplasma pneumoniae
species668	Bacillus thuringiensis	Bacillus thuringiensis
species668	Pectinophora gossypiella	Pectinophora gossypiella
species669	Erythrura gouldiae	Erythrura gouldiae
species669	Poephila acuticauda	Poephila acuticauda
species670	B. subtilis	Bacillus subtilis
species670	Bacillus subtilis	Bacillus subtilis
species671	Somateria mollissima	Somateria mollissima
species672	Escherichia coli	Escherichia coli
species673	C. heterostrophus	Cochliobolus heterostrophus
species673	C. luttrellii	Cochliobolus luttrellii
species673	Cochliobolus heterostrophus	Cochliobolus heterostrophus
species673	Cochliobolus luttrellii	Cochliobolus luttrellii
species673	Cochliobolus spp.	Cochliobolus spp.
species674	N. farcinica	Nocardia farcinica
species674	Nocardia farcinica	Nocardia farcinica
species677	Bombyx mori	Bombyx mori
species678	Drosophila melanogaster	Drosophila melanogaster
species684	A. castellanii	Acanthamoeba castellanii
species684	Acanthamoeba castellanii	Acanthamoeba castellanii
species684	Dictyostelium amoebae	Dictyostelium amoebae
species686	Hypocrea jecorina	Hypocrea jecorina
species686	Trichoderma reesei	Trichoderma reesei
species687	Penaeus stylirostris	Penaeus stylirostris
species687	Penaeus vannamei	Penaeus vannamei
species688	Litoreibacter albidus	Litoreibacter albidus
species688	Litoreibacter janthinus	Litoreibacter janthinus
species688	Umbonium costatum	Umbonium costatum
species689	Methanobacterium arcticum	Methanobacterium arcticum
species689	Methanobacterium bryantii	Methanobacterium bryantii
species689	Methanobacterium veterum	Methanobacterium veterum
species690	Thiomonas intermedia	Thiomonas intermedia
species690	Thiomonas islandica	Thiomonas islandica
species690	Thiomonas perometabolis	Thiomonas perometabolis
species691	Drosophila melanogaster	Drosophila melanogaster
species691	P. striolata	Phyllotreta striolata
species691	Phyllotreta striolata	Phyllotreta striolata
species692	Anoxybacillus eryuanensis	Anoxybacillus eryuanensis
species692	Anoxybacillus species	Anoxybacillus species
species692	Anoxybacillus tengchongensis	Anoxybacillus tengchongensis
species693	N. animaloris	Neisseria animaloris
species693	N. bacilliformis	Neisseria bacilliformis
species693	N. canis	Neisseria canis
species693	N. dentiae	Neisseria dentiae
species693	N. weaveri	Neisseria weaveri
species693	N. zoodegmatis	Neisseria zoodegmatis
species693	Neisseria canis	Neisseria canis
species693	Neisseria shayeganii	Neisseria shayeganii
species693	Neisseria species	Neisseria species
species693	Neisseria wadsworthii	Neisseria wadsworthii
species697	E. coli	Escherichia coli
species697	Escherichia coli	Escherichia coli
species698	Acetobacterium woodii	Acetobacterium woodii
species698	Escherichia coli	Escherichia coli
species699	B. anthracis	Bacillus anthracis
species699	B. cereus	Bacillus cereus
species699	B. subtilis	Bacillus subtilis
species699	Bacillus anthracis	Bacillus anthracis
species699	Bacillus cereus	Bacillus cereus
species699	Bacillus species	Bacillus species
species699	Bacillus subtilis	Bacillus subtilis
species700	Fusarium graminearum	Fusarium graminearum
species701	Myxococcus xanthus	Myxococcus xanthus
species703	B. rhizoxinica	Burkholderia rhizoxinica
species703	Burkholderia rhizoxinica	Burkholderia rhizoxinica
species703	Rhizopus microsporus	Rhizopus microsporus
species704	F. johnsoniae	Flavobacterium johnsoniae
species704	Flavobacterium johnsoniae	Flavobacterium johnsoniae
species704	P. gingivalis	Porphyromonas gingivalis
species704	Porphyromonas gingivalis	Porphyromonas gingivalis
species705	An. peditaeniatus	Anopheles peditaeniatus
species705	Anopheles peditaeniatus	Anopheles peditaeniatus
species707	E. conspersus	Euschistus conspersus
species707	Euschistus conspersus	Euschistus conspersus
species708	S. fibuligera	Saccharomycopsis fibuligera
species708	Saccharomycopsis fibuligera	Saccharomycopsis fibuligera
species709	Salmo trutta	Salmo trutta
species709	Salvelinus alpinus	Salvelinus alpinus
species710	A. niger	Aspergillus niger
species710	Aspergillus fumigatus	Aspergillus fumigatus
species710	Aspergillus niger	Aspergillus niger
species712	Escherichia coli	Escherichia coli
species714	Flavobacterium sinopsychrotolerans	Flavobacterium sinopsychrotolerans
species716	Escherichia coli	Escherichia coli
species716	R. prolixus	Rhodnius prolixus
species716	Rhodnius prolixus	Rhodnius prolixus
species716	Trypanosoma cruzi	Trypanosoma cruzi
species717	Scardovia inopinata	Scardovia inopinata
species717	Scardovia wiggsiae	Scardovia wiggsiae
species718	Larkinella bovis	Larkinella bovis
species718	Larkinella insperata	Larkinella insperata
species721	Nicotiana benthamiana	Nicotiana benthamiana
species721	Saccharomyces cerevisiae	Saccharomyces cerevisiae
species728	Trichosurus vulpecula	Trichosurus vulpecula
species733	M. aeneus	Monodontomerus aeneus
species733	Monodontomerus aeneus	Monodontomerus aeneus
species733	O. cornuta	Osmia cornuta
species733	Osmia cornuta	Osmia cornuta
species737	S. virgatus	Sceloporus virgatus
species737	Sceloporus virgatus	Sceloporus virgatus
species738	H. armigera	Helicoverpa armigera
species738	H. zea	Helicoverpa zea
species738	Helicoverpa armigera	Helicoverpa armigera
species738	Helicoverpa assulta	Helicoverpa assulta
species738	Helicoverpa zea	Helicoverpa zea
species739	Loxodonta cyclotis	Loxodonta cyclotis
species740	Mantamonas plastica	Mantamonas plastica
species742	L. pneumophila	Legionella pneumophila
species742	Legionella pneumophila	Legionella pneumophila
species744	Thlaspi caerulescens	Thlaspi caerulescens
species745	Apis mellifera	Apis mellifera
species745	Solenopsis invicta	Solenopsis invicta
species747	T. castaneum	Tribolium castaneum
species747	Tribolium castaneum	Tribolium castaneum
species748	Dermacentor variabilis	Dermacentor variabilis
species751	Acer pseudoplatanus	Acer pseudoplatanus
species752	Candida albicans	Candida albicans
species753	Drosophila melanogaster	Drosophila melanogaster
species755	Escherichia coli	Escherichia coli
species755	S. negevensis	Simkania negevensis
species755	Simkania negevensis	Simkania negevensis
species756	X. campestris	Xanthomonas campestris
species756	Xanthomonas campestris	Xanthomonas campestris
species759	C. albicans	Candida albicans
species759	Candida albicans	Candida albicans
species760	C. albicans	Candida albicans
species760	Candida albicans	Candida albicans
species760	S. cerevisiae	Saccharomyces cerevisiae
species760	Saccharomyces cerevisiae	Saccharomyces cerevisiae
species761	M. cerradensis	Mycetagroicus cerradensis
species761	Mycetagroicus cerradensis	Mycetagroicus cerradensis
species762	S. invicta	Solenopsis invicta
species762	Solenopsis invicta	Solenopsis invicta
species763	P. typicus	Pilophorus typicus
species763	Pilophorus species	Pilophorus species
species763	Pilophorus typicus	Pilophorus typicus
species764	P. curvatus	Pseudacteon curvatus
species764	P. tricuspis	Pseudacteon tricuspis
species764	Pseudacteon species	Pseudacteon species
species764	Pseudacteon tricuspis	Pseudacteon tricuspis
species764	S. invicta	Solenopsis invicta
species764	S. richteri	Solenopsis richteri
species764	Solenopsis invicta	Solenopsis invicta
species765	B. cucurbitae	Bactrocera cucurbitae
species765	B. dorsalis	Bactrocera dorsalis
species765	Bactrocera cucurbitae	Bactrocera cucurbitae
species765	Carica papaya	Carica papaya
species765	M. esculenta	Manihot esculenta
species765	Manihot esculenta	Manihot esculenta
species765	R. communis	Ricinus communis
species765	Ricinus communis	Ricinus communis
species765	Zea mays	Zea mays
species768	Cryptantha flava	Cryptantha flava
species769	Entamoeba coli	Entamoeba coli
species769	Entamoeba hartmanni	Entamoeba hartmanni
species769	Entamoeba polecki	Entamoeba polecki
species769	Entamoeba species	Entamoeba species
species770	Escherichia coli	Escherichia coli
species773	Cryptococcus neoformans	Cryptococcus neoformans
species774	B. napus	Brassica napus
species774	Brassica napus	Brassica napus
species775	B. burgdorferi	Borrelia burgdorferi
species775	Borrelia burgdorferi	Borrelia burgdorferi
species777	Ignicoccus hospitalis	Ignicoccus hospitalis
species777	Metallosphaera sedula	Metallosphaera sedula
species777	Thermoproteus neutrophilus	Thermoproteus neutrophilus
species778	L. edodes	Lentinula edodes
species778	Lentinula edodes	Lentinula edodes
species779	Methanoregula boonei	Methanoregula boonei
species779	Methanoregula formicica	Methanoregula formicica
species782	E. coli	Escherichia coli
species782	Escherichia coli	Escherichia coli
species782	S. coelicolor	Streptomyces coelicolor
species782	Streptomyces coelicolor	Streptomyces coelicolor
species783	Fusarium graminearum	Fusarium graminearum
species783	G. fujikuroi	Gibberella fujikuroi
species783	Gibberella fujikuroi	Gibberella fujikuroi
species784	Methanococcus maripaludis	Methanococcus maripaludis
species785	Staphylococcus epidermidis	Staphylococcus epidermidis
species786	V. paradoxus	Variovorax paradoxus
species786	Variovorax paradoxus	Variovorax paradoxus
species787	Streptomyces hyderabadensis	Streptomyces hyderabadensis
species787	Streptomyces olivaceus	Streptomyces olivaceus
species787	Streptomyces pactum	Streptomyces pactum
species787	Streptomyces parvulus	Streptomyces parvulus
species788	Agaricus brasiliensis	Agaricus brasiliensis
species788	Gordonia amarae	Gordonia amarae
species788	Gordonia humi	Gordonia humi
species788	Gordonia hydrophobica	Gordonia hydrophobica
species788	Gordonia malaquae	Gordonia malaquae
species788	Gordonia species	Gordonia species
species788	Gordonia terrae	Gordonia terrae
species789	Marinobacterium coralli	Marinobacterium coralli
species789	Marinobacterium maritimum	Marinobacterium maritimum
species789	Marinobacterium sediminicola	Marinobacterium sediminicola
species789	Marinobacterium stanieri	Marinobacterium stanieri
species789	Mussismilia hispida	Mussismilia hispida
species793	Arabidopsis thaliana	Arabidopsis thaliana
species800	Salmo salar	Salmo salar
